{
  "project_info": {
    "project_number": "463335249751",
    "project_id": "taller3-3c396",
    "storage_bucket": "taller3-3c396.appspot.com"
  },
  "client": [
    {
      "client_info": {
        "mobilesdk_app_id": "1:463335249751:android:9090c7da3c647dca11d012",
        "android_client_info": {
          "package_name": "com.example.taller3"
        }
      },
      "oauth_client": [
        {
          "client_id": "463335249751-dald9rll9mm8fftpi0k0i7603l4o81cl.apps.googleusercontent.com",
          "client_type": 3
        }
      ],
      "api_key": [
        {
          "current_key": "AIzaSyAvIwvrCeFW0HSNziROxjbgbRRuS_yXQUg"
        }
      ],
      "services": {
        "appinvite_service": {
          "other_platform_oauth_client": [
            {
              "client_id": "463335249751-dald9rll9mm8fftpi0k0i7603l4o81cl.apps.googleusercontent.com",
              "client_type": 3
            }
          ]
        }
      }
    }
  ],
  "configuration_version": "1"
}